Experiment ID,N,m,Time (seconds)
e1,5,50,0.00034689903259277344
e2,10,100,1.0435411930084229
e3,20,1000,247.96041083335876
